seqnames	start	end	width	strand	posid	estAbund	estAbundProp	estAbundRank	GTSP	abundance_method	nearest_refSeq_geneDist	nearest_refSeq_gene	nearest_refSeq_geneOrt	X5pnearest_refSeq_geneDist	X5pnearest_refSeq_gene	X5pnearest_refSeq_geneOrt	inGene	inGeneOrt	X5pNrstOncoDist	X5pNrstOnco	X5pNrstOncoOrt	geneMark	nearest_refSeq_geneUnmarked
"chr10"	115752522	115752522	1	"+"	"chr10+115752522"	41259	0.6875124975005	1	"Polyclonal_0pct"	"sonic"	-196476	"ATRNL1*"	"+"	442267	"SNORD158"	"-"	"ATRNL1"	"+"	2623252	"TCF7L2"	"+"	"*"	"ATRNL1"
"chr12"	15146012	15146012	1	"-"	"chr12-15146012"	2682	0.0446910617876425	2	"Polyclonal_0pct"	"sonic"	-38230	"RERG*"	"-"	-5910	"RERG-AS1"	"+"	"RERG"	"-"	643376	"EPS8"	"-"	"*"	"RERG"
"chr17"	66993662	66993662	1	"+"	"chr17+66993662"	2419	0.0403086049456775	3	"Polyclonal_0pct"	"sonic"	28956	"CACNG4*"	"+"	28956	"CACNG4"	"+"	"CACNG4"	"+"	-1419960	"PRKAR1A"	"+"	"*"	"CACNG4"
"chr12"	132107219	132107219	1	"-"	"chr12-132107219"	2368	0.0394587749116843	4	"Polyclonal_0pct"	"sonic"	-19121	"EP400P1*"	"+"	22937	"EP400P1"	"+"	"EP400P1"	"+"	157278	"EP400"	"+"	"*"	"EP400P1"
"chr18"	63949250	63949250	1	"+"	"chr18+63949250"	2350	0.0391588348996867	5	"Polyclonal_0pct"	"sonic"	-50	"HMSD"	"+"	-50	"HMSD"	"+"	"FALSE"	""	-287357	"SERPINB3"	"-"	""	"HMSD"
"chr10"	115752539	115752539	1	"+"	"chr10+115752539"	2300	0.0383256681996934	6	"Polyclonal_0pct"	"sonic"	-196459	"ATRNL1*"	"+"	442250	"SNORD158"	"-"	"ATRNL1"	"+"	2623269	"TCF7L2"	"+"	"*"	"ATRNL1"
"chr5"	102176712	102176712	1	"+"	"chr5+102176712"	2180	0.0363260681197094	7	"Polyclonal_0pct"	"sonic"	57273	"SLCO4C1"	"-"	119572	"SLCO4C1"	"-"	"FALSE"	""	5218280	"LNPEP"	"+"	""	"SLCO4C1"
"chr15"	64374416	64374416	1	"-"	"chr15-64374416"	1979	0.0329767379857362	8	"Polyclonal_0pct"	"sonic"	7025	"PCLAF*"	"-"	7025	"PCLAF"	"-"	"PCLAF"	"-"	869824	"USP3"	"+"	"*"	"PCLAF"
"chr1"	143238819	143238819	1	"-"	"chr1-143238819"	1972	0.0328600946477371	9	"Polyclonal_0pct"	"sonic"	161151	"LSP1P5"	"-"	183773	"LSP1P5"	"-"	"FALSE"	""	2620262	"PIAS3"	"-"	""	"LSP1P5"
"chr2"	152680714	152680714	1	"+"	"chr2+152680714"	206	0.00343264680397254	10	"Polyclonal_0pct"	"sonic"	-29119	"PRPF40A*"	"-"	36747	"PRPF40A"	"-"	"PRPF40A"	"-"	-4576990	"GALNT5"	"+"	"*"	"PRPF40A"
"chr10"	36524253	36524253	1	"+"	"chr10+36524253"	149	0.00248283676598014	11	"Polyclonal_0pct"	"sonic"	-601603	"ANKRD30A"	"+"	-601603	"ANKRD30A"	"+"	"FALSE"	""	6089608	"MAP3K8"	"+"	""	"ANKRD30A"
"chr4"	167524590	167524590	1	"+"	"chr4+167524590"	57	0.000949810037992401	12	"Polyclonal_0pct"	"sonic"	-290000	"SPOCK3"	"-"	-290000	"SPOCK3"	"-"	"FALSE"	""	-4191994	"NPY1R"	"-"	""	"SPOCK3"
"chr10"	5662819	5662819	1	"+"	"chr10+5662819"	12	0.0001999600079984	13	"Polyclonal_0pct"	"sonic"	3776	"ASB13*"	"-"	3776	"ASB13"	"-"	"ASB13"	"-"	216211	"NET1"	"+"	"*"	"ASB13"
"chr12"	15146037	15146037	1	"-"	"chr12-15146037"	9	0.0001499700059988	15	"Polyclonal_0pct"	"sonic"	-38255	"RERG*"	"-"	-5885	"RERG-AS1"	"+"	"RERG"	"-"	643351	"EPS8"	"-"	"*"	"RERG"
"chr5"	16999993	16999993	1	"-"	"chr5-16999993"	9	0.0001499700059988	15	"Polyclonal_0pct"	"sonic"	-63705	"MYO10"	"-"	-63705	"MYO10"	"-"	"FALSE"	""	1498556	"FBXL7"	"+"	""	"MYO10"
"chr13"	111210556	111210556	1	"+"	"chr13+111210556"	7	0.000116643337999067	16	"Polyclonal_0pct"	"sonic"	7497	"ARHGEF7*"	"+"	7497	"ARHGEF7"	"+"	"ARHGEF7"	"+"	2653520	"GAS6"	"-"	"*"	"ARHGEF7"
"chr2"	208857101	208857101	1	"+"	"chr2+208857101"	3	4.99900019996001e-05	20	"Polyclonal_0pct"	"sonic"	31514	"LOC101927960"	"+"	314460	"LOC101927960"	"+"	"FALSE"	""	-566945	"MAP2"	"+"	""	"LOC101927960"
"chr2"	221476084	221476084	1	"+"	"chr2+221476084"	3	4.99900019996001e-05	20	"Polyclonal_0pct"	"sonic"	-58058	"EPHA4*"	"-"	96220	"EPHA4"	"-"	"EPHA4"	"-"	822914	"PAX3"	"-"	"*"	"EPHA4"
"chr4"	134889271	134889271	1	"-"	"chr4-134889271"	3	4.99900019996001e-05	20	"Polyclonal_0pct"	"sonic"	223813	"LINC02485"	"-"	234288	"LINC02485"	"-"	"FALSE"	""	-5795732	"SCLT1"	"-"	""	"LINC02485"
"chr5"	28094114	28094114	1	"-"	"chr5-28094114"	3	4.99900019996001e-05	20	"Polyclonal_0pct"	"sonic"	192274	"LINC02103"	"-"	193551	"LINC02103"	"-"	"FALSE"	""	-3449136	"CDH10"	"-"	""	"LINC02103"
"chr12"	132956489	132956489	1	"+"	"chr12+132956489"	2	3.33266679997334e-05	23	"Polyclonal_0pct"	"sonic"	-183	"ZNF605"	"-"	-183	"ZNF605"	"-"	"FALSE"	""	-68871	"CHFR"	"-"	""	"ZNF605"
"chr16"	27209701	27209701	1	"-"	"chr16-27209701"	2	3.33266679997334e-05	23	"Polyclonal_0pct"	"sonic"	5727	"KDM8*"	"+"	5727	"KDM8"	"+"	"KDM8"	"+"	-104272	"IL4R"	"+"	"*"	"KDM8"
"chr6"	126026575	126026575	1	"+"	"chr6+126026575"	2	3.33266679997334e-05	23	"Polyclonal_0pct"	"sonic"	-12699	"TRMT11*"	"+"	40036	"TRMT11"	"+"	"TRMT11"	"+"	-1092095	"RSPO3"	"+"	"*"	"TRMT11"
"chr1"	27373224	27373224	1	"+"	"chr1+27373224"	1	1.66633339998667e-05	59	"Polyclonal_0pct"	"sonic"	1600	"FCN3*"	"-"	1600	"FCN3"	"-"	"FCN3"	"-"	-6263	"MAP3K6"	"-"	"*"	"FCN3"
"chr1"	97437242	97437242	1	"-"	"chr1-97437242"	1	1.66633339998667e-05	59	"Polyclonal_0pct"	"sonic"	-359499	"DPYD*"	"-"	341320	"DPYD-AS1"	"+"	"DPYD"	"-"	-2364291	"ALG14"	"-"	"*"	"DPYD"
"chr10"	115752553	115752553	1	"+"	"chr10+115752553"	1	1.66633339998667e-05	59	"Polyclonal_0pct"	"sonic"	-196445	"ATRNL1*"	"+"	442236	"SNORD158"	"-"	"ATRNL1"	"+"	2623283	"TCF7L2"	"+"	"*"	"ATRNL1"
"chr12"	132107215	132107215	1	"+"	"chr12+132107215"	1	1.66633339998667e-05	59	"Polyclonal_0pct"	"sonic"	-19125	"EP400P1*"	"+"	22933	"EP400P1"	"+"	"EP400P1"	"+"	157274	"EP400"	"+"	"*"	"EP400P1"
"chr12"	64505388	64505388	1	"+"	"chr12+64505388"	1	1.66633339998667e-05	59	"Polyclonal_0pct"	"sonic"	3275	"TBK1"	"+"	53269	"TBK1"	"+"	"FALSE"	""	615917	"WIF1"	"-"	""	"TBK1"
"chr12"	80530678	80530678	1	"+"	"chr12+80530678"	1	1.66633339998667e-05	59	"Polyclonal_0pct"	"sonic"	86444	"PTPRQ*"	"+"	86444	"PTPRQ"	"+"	"PTPRQ"	"+"	-839581	"PAWR"	"-"	"*"	"PTPRQ"
"chr12_ML143361v1_fix"	14244	14244	1	"+"	"chr12_ML143361v1_fix+14244"	1	1.66633339998667e-05	59	"Polyclonal_0pct"	"sonic"	NA	NA	""	NA	""	""	"FALSE"	""	NA	""	""	""	""
"chr12_ML143361v1_fix"	14248	14248	1	"-"	"chr12_ML143361v1_fix-14248"	1	1.66633339998667e-05	59	"Polyclonal_0pct"	"sonic"	NA	NA	""	NA	""	""	"FALSE"	""	NA	""	""	""	""
"chr16"	11014778	11014778	1	"+"	"chr16+11014778"	1	1.66633339998667e-05	59	"Polyclonal_0pct"	"sonic"	70215	"CLEC16A*"	"+"	70215	"CLEC16A"	"+"	"CLEC16A"	"+"	135812	"CIITA"	"+"	"*"	"CLEC16A"
"chr16"	67506038	67506038	1	"-"	"chr16-67506038"	1	1.66633339998667e-05	59	"Polyclonal_0pct"	"sonic"	11667	"LOC100505942"	"-"	-22491	"AGRP"	"-"	"FALSE"	""	313884	"E2F4"	"+"	""	"LOC100505942"
"chr17"	56607238	56607238	1	"+"	"chr17+56607238"	1	1.66633339998667e-05	59	"Polyclonal_0pct"	"sonic"	11627	"NOG"	"+"	13540	"NOG"	"+"	"FALSE"	""	-226912	"DGKE"	"+"	""	"NOG"
"chr18"	2848951	2848951	1	"-"	"chr18-2848951"	1	1.66633339998667e-05	59	"Polyclonal_0pct"	"sonic"	1946	"EMILIN2*"	"+"	1946	"EMILIN2"	"+"	"EMILIN2"	"+"	996407	"DLGAP1"	"-"	"*"	"EMILIN2"
"chr19"	14689364	14689364	1	"+"	"chr19+14689364"	1	1.66633339998667e-05	59	"Polyclonal_0pct"	"sonic"	-683	"ZNF333"	"+"	-683	"ZNF333"	"+"	"FALSE"	""	-418036	"SYDE1"	"+"	""	"ZNF333"
"chr19"	1442237	1442237	1	"-"	"chr19-1442237"	1	1.66633339998667e-05	59	"Polyclonal_0pct"	"sonic"	1742	"RPS15"	"+"	3842	"RPS15"	"+"	"FALSE"	""	-7883	"APC2"	"+"	""	"RPS15"
"chr19"	28825433	28825433	1	"-"	"chr19-28825433"	1	1.66633339998667e-05	59	"Polyclonal_0pct"	"sonic"	-97739	"LOC100420587"	"-"	-97739	"LOC100420587"	"-"	"FALSE"	""	-986557	"CCNE1"	"+"	""	"LOC100420587"
"chr19"	28825435	28825435	1	"-"	"chr19-28825435"	1	1.66633339998667e-05	59	"Polyclonal_0pct"	"sonic"	-97741	"LOC100420587"	"-"	-97741	"LOC100420587"	"-"	"FALSE"	""	-986555	"CCNE1"	"+"	""	"LOC100420587"
"chr19"	28825437	28825437	1	"-"	"chr19-28825437"	1	1.66633339998667e-05	59	"Polyclonal_0pct"	"sonic"	-97743	"LOC100420587"	"-"	-97743	"LOC100420587"	"-"	"FALSE"	""	-986553	"CCNE1"	"+"	""	"LOC100420587"
"chr2"	238638297	238638297	1	"+"	"chr2+238638297"	1	1.66633339998667e-05	59	"Polyclonal_0pct"	"sonic"	-82798	"LINC01107"	"-"	-82798	"LINC01107"	"-"	"FALSE"	""	762723	"HDAC4"	"-"	""	"LINC01107"
"chr2"	170441875	170441875	1	"-"	"chr2-170441875"	1	1.66633339998667e-05	59	"Polyclonal_0pct"	"sonic"	-213292	"MYO3B*"	"+"	-90932	"MYO3B-AS1"	"-"	"MYO3B"	"+"	-1079341	"LRP2"	"-"	"*"	"MYO3B"
"chr2"	225511738	225511738	1	"-"	"chr2-225511738"	1	1.66633339998667e-05	59	"Polyclonal_0pct"	"sonic"	110853	"NYAP2*"	"+"	110853	"NYAP2"	"+"	"NYAP2"	"+"	-1652885	"COL4A3"	"+"	"*"	"NYAP2"
"chr4"	167524586	167524586	1	"+"	"chr4+167524586"	1	1.66633339998667e-05	59	"Polyclonal_0pct"	"sonic"	-289996	"SPOCK3"	"-"	-289996	"SPOCK3"	"-"	"FALSE"	""	-4191990	"NPY1R"	"-"	""	"SPOCK3"
"chr4"	39122383	39122383	1	"+"	"chr4+39122383"	1	1.66633339998667e-05	59	"Polyclonal_0pct"	"sonic"	-3850	"KLHL5*"	"+"	-60145	"WDR19"	"+"	"KLHL5"	"+"	458185	"KLF3"	"+"	"*"	"KLHL5"
"chr4"	39122415	39122415	1	"+"	"chr4+39122415"	1	1.66633339998667e-05	59	"Polyclonal_0pct"	"sonic"	-3818	"KLHL5*"	"+"	-60113	"WDR19"	"+"	"KLHL5"	"+"	458217	"KLF3"	"+"	"*"	"KLHL5"
"chr5"	28094273	28094273	1	"-"	"chr5-28094273"	1	1.66633339998667e-05	59	"Polyclonal_0pct"	"sonic"	192115	"LINC02103"	"-"	193392	"LINC02103"	"-"	"FALSE"	""	-3449295	"CDH10"	"-"	""	"LINC02103"
"chr5"	28094316	28094316	1	"-"	"chr5-28094316"	1	1.66633339998667e-05	59	"Polyclonal_0pct"	"sonic"	192072	"LINC02103"	"-"	193349	"LINC02103"	"-"	"FALSE"	""	-3449338	"CDH10"	"-"	""	"LINC02103"
"chr6"	126026204	126026204	1	"+"	"chr6+126026204"	1	1.66633339998667e-05	59	"Polyclonal_0pct"	"sonic"	-13070	"TRMT11*"	"+"	39665	"TRMT11"	"+"	"TRMT11"	"+"	-1092466	"RSPO3"	"+"	"*"	"TRMT11"
"chr6"	126026383	126026383	1	"+"	"chr6+126026383"	1	1.66633339998667e-05	59	"Polyclonal_0pct"	"sonic"	-12891	"TRMT11*"	"+"	39844	"TRMT11"	"+"	"TRMT11"	"+"	-1092287	"RSPO3"	"+"	"*"	"TRMT11"
"chr6"	1521198	1521198	1	"+"	"chr6+1521198"	1	1.66633339998667e-05	59	"Polyclonal_0pct"	"sonic"	-84332	"FOXCUT"	"+"	-84332	"FOXCUT"	"+"	"FALSE"	""	1129447	"IRF4"	"+"	""	"FOXCUT"
"chr6"	144639030	144639030	1	"-"	"chr6-144639030"	1	1.66633339998667e-05	59	"Polyclonal_0pct"	"sonic"	55883	"UTRN*"	"+"	55883	"UTRN"	"+"	"UTRN"	"+"	-574431	"PLAGL1"	"-"	"*"	"UTRN"
"chr7"	100265394	100265394	1	"+"	"chr7+100265394"	1	1.66633339998667e-05	59	"Polyclonal_0pct"	"sonic"	6811	"CASTOR3*"	"-"	6811	"CASTOR3"	"-"	"CASTOR3"	"-"	-455073	"EPO"	"+"	"*"	"CASTOR3"
"chr7"	159272939	159272939	1	"+"	"chr7+159272939"	1	1.66633339998667e-05	59	"Polyclonal_0pct"	"sonic"	-127982	"VIPR2"	"-"	-127982	"VIPR2"	"-"	"FALSE"	""	-2262276	"MNX1"	"-"	""	"VIPR2"
"chr9"	27621119	27621119	1	"-"	"chr9-27621119"	1	1.66633339998667e-05	59	"Polyclonal_0pct"	"sonic"	-47253	"C9orf72"	"-"	-47253	"C9orf72"	"-"	"FALSE"	""	511670	"TEK"	"+"	""	"C9orf72"
"chr9"	89784748	89784748	1	"-"	"chr9-89784748"	1	1.66633339998667e-05	59	"Polyclonal_0pct"	"sonic"	64989	"UNQ6494"	"+"	144966	"UNQ6494"	"+"	"FALSE"	""	179737	"GADD45G"	"+"	""	"UNQ6494"
"chrX"	108979456	108979456	1	"+"	"chrX+108979456"	1	1.66633339998667e-05	59	"Polyclonal_0pct"	"sonic"	240553	"LOC101928358"	"+"	-242893	"IRS4"	"-"	"FALSE"	""	1350947	"PRPS1"	"+"	""	"LOC101928358"
"chrX"	117296913	117296913	1	"-"	"chrX-117296913"	1	1.66633339998667e-05	59	"Polyclonal_0pct"	"sonic"	-479053	"LOC100126447"	"-"	-479053	"LOC100126447"	"-"	"FALSE"	""	-2953898	"ZBTB33"	"+"	""	"LOC100126447"
"chrX"	43100551	43100551	1	"-"	"chrX-43100551"	1	1.66633339998667e-05	59	"Polyclonal_0pct"	"sonic"	-76442	"PINCR"	"+"	-76442	"PINCR"	"+"	"FALSE"	""	-1772623	"KDM6A"	"+"	""	"PINCR"
